train/ent_coef,train/actor_loss,train/critic_loss,train/learning_rate,train/n_updates,train/ent_coef_loss
0.8773789405822754,-23.949214935302734,288.3182373046875,0.0003,441,-0.827460527420044
0.8771255612373352,-24.144386291503906,236.53257751464844,0.0003,442,-0.8320488333702087
0.876872181892395,-24.004825592041016,207.01107788085938,0.0003,443,-0.832551896572113
0.8766189813613892,-24.048057556152344,250.62026977539062,0.0003,444,-0.8288956880569458
0.8763660192489624,-24.042678833007812,247.54501342773438,0.0003,445,-0.8368036150932312
0.8761131763458252,-24.10981559753418,318.5584411621094,0.0003,446,-0.8286678791046143
0.8758606314659119,-24.069414138793945,252.73658752441406,0.0003,447,-0.8330498337745667
0.8756083846092224,-24.094371795654297,288.5350341796875,0.0003,448,-0.8361437320709229
0.8753563165664673,-24.181533813476562,259.83746337890625,0.0003,449,-0.8382479548454285
0.8751043677330017,-24.15208625793457,255.07945251464844,0.0003,450,-0.8426761627197266
0.8748525977134705,-24.153879165649414,242.45999145507812,0.0003,451,-0.8375272154808044
0.8746010661125183,-24.279563903808594,210.5166015625,0.0003,452,-0.8662172555923462
0.8743489980697632,-24.265365600585938,230.56021118164062,0.0003,453,-0.8512019515037537
0.8740969300270081,-24.153841018676758,280.0979919433594,0.0003,454,-0.8536800742149353
0.8738448619842529,-24.23810577392578,225.80450439453125,0.0003,455,-0.8461813926696777
0.8735931515693665,-24.248388290405273,249.00279235839844,0.0003,456,-0.8517626523971558
0.8733415007591248,-24.241256713867188,265.66162109375,0.0003,457,-0.8493510484695435
0.8730901479721069,-24.285423278808594,261.5352783203125,0.0003,458,-0.8529074788093567
0.8728390336036682,-24.357667922973633,250.2509765625,0.0003,459,-0.8586311340332031
0.8725879192352295,-24.406644821166992,233.58349609375,0.0003,460,-0.8639814853668213
0.872336745262146,-24.40291976928711,298.7505187988281,0.0003,461,-0.8543490171432495
0.8720859289169312,-24.502485275268555,207.4476318359375,0.0003,462,-0.856499195098877
0.8718352913856506,-24.45018768310547,255.16793823242188,0.0003,463,-0.8691394329071045
0.8715846538543701,-24.501529693603516,284.27239990234375,0.0003,464,-0.8544180989265442
0.8713343739509583,-24.55741310119629,247.56724548339844,0.0003,465,-0.8708972930908203
0.8710840940475464,-24.70146942138672,266.8608703613281,0.0003,466,-0.8757947683334351
0.8708336353302002,-24.666120529174805,190.3050537109375,0.0003,467,-0.8922845721244812
0.8705826997756958,-24.77444076538086,305.69293212890625,0.0003,468,-0.8792547583580017
0.8703317642211914,-24.817344665527344,271.0054626464844,0.0003,469,-0.8861085176467896
0.8700805902481079,-24.786001205444336,188.77342224121094,0.0003,470,-0.8883440494537354
0.8698292970657349,-24.841093063354492,253.30467224121094,0.0003,471,-0.8756420612335205
0.8695782423019409,-24.86675262451172,255.71017456054688,0.0003,472,-0.9052683115005493
0.8693267107009888,-24.936525344848633,247.32229614257812,0.0003,473,-0.8947651982307434
0.8690750002861023,-25.03199577331543,272.0595703125,0.0003,474,-0.9092035293579102
0.8688228130340576,-25.146211624145508,232.2335662841797,0.0003,475,-0.9053767323493958
0.8685704469680786,-25.113948822021484,214.43222045898438,0.0003,476,-0.904910683631897
0.8683179020881653,-25.189664840698242,265.914794921875,0.0003,477,-0.9139436483383179
0.8680650591850281,-25.21124267578125,240.95904541015625,0.0003,478,-0.890774667263031
0.8678125739097595,-25.27413558959961,236.7218017578125,0.0003,479,-0.9097990393638611
0.8675599694252014,-25.421064376831055,225.54409790039062,0.0003,480,-0.9132763147354126
0.8673072457313538,-25.420360565185547,219.68710327148438,0.0003,481,-0.9117226600646973
0.8670545220375061,-25.42086410522461,227.823974609375,0.0003,482,-0.8991697430610657
0.8668022155761719,-25.45168685913086,229.0481719970703,0.0003,483,-0.9002088904380798
0.8665502071380615,-25.49736213684082,208.92803955078125,0.0003,484,-0.9125732183456421
0.866298258304596,-25.47359275817871,196.67208862304688,0.0003,485,-0.903843104839325
0.866046667098999,-25.418903350830078,199.75247192382812,0.0003,486,-0.8824273943901062
0.8657959699630737,-25.43408203125,272.4137268066406,0.0003,487,-0.8904120922088623
0.8655459880828857,-25.54421043395996,237.23446655273438,0.0003,488,-0.9112464189529419
0.8652960658073425,-25.410398483276367,221.41400146484375,0.0003,489,-0.8996838331222534
0.8650466203689575,-25.478872299194336,217.87567138671875,0.0003,490,-0.9195010662078857
0.8647971153259277,-25.580341339111328,229.9767608642578,0.0003,491,-0.9163813591003418
0.8645476698875427,-25.49824333190918,224.296630859375,0.0003,492,-0.9154338836669922
0.8642983436584473,-25.56174659729004,257.04156494140625,0.0003,493,-0.9346356987953186
0.8640487194061279,-25.651071548461914,259.63360595703125,0.0003,494,-0.9133007526397705
0.8637994527816772,-25.646196365356445,218.2515106201172,0.0003,495,-0.903986930847168
0.8635507225990295,-25.696624755859375,211.53091430664062,0.0003,496,-0.91874098777771
0.8633022308349609,-25.65111541748047,238.29586791992188,0.0003,497,-0.9258676171302795
0.8630537390708923,-25.689022064208984,238.31887817382812,0.0003,498,-0.93853759765625
0.8628050088882446,-25.764455795288086,238.9620361328125,0.0003,499,-0.9105743169784546
0.8625568747520447,-25.7750244140625,276.3385009765625,0.0003,500,-0.9395358562469482
0.8623085021972656,-25.830184936523438,254.11395263671875,0.0003,501,-0.9560288190841675
0.8620595932006836,-26.03331184387207,257.0559997558594,0.0003,502,-0.9435186982154846
0.861810564994812,-26.127714157104492,225.24911499023438,0.0003,503,-0.9252225160598755
0.8615619540214539,-26.185096740722656,215.9730224609375,0.0003,504,-0.9560042023658752
0.861312985420227,-26.141952514648438,213.50648498535156,0.0003,505,-0.9399181604385376
0.8610641360282898,-26.197721481323242,234.33349609375,0.0003,506,-0.9391896724700928
0.8608154654502869,-26.39193344116211,209.7198486328125,0.0003,507,-0.9538699388504028
0.8605666756629944,-26.304521560668945,202.32403564453125,0.0003,508,-0.9614172577857971
0.860317587852478,-26.39564323425293,230.9114990234375,0.0003,509,-0.9821881055831909
0.8600678443908691,-26.403911590576172,218.20932006835938,0.0003,510,-0.9575843214988708
0.8598180413246155,-26.389453887939453,224.38912963867188,0.0003,511,-0.9511088132858276
0.8595685362815857,-26.44197654724121,205.3529052734375,0.0003,512,-0.9510300755500793
0.859319269657135,-26.425302505493164,232.0465087890625,0.0003,513,-0.9419410228729248
0.8590705394744873,-26.494003295898438,244.63995361328125,0.0003,514,-0.9613302946090698
0.8588218688964844,-26.533817291259766,203.51031494140625,0.0003,515,-0.9602764844894409
0.8585732579231262,-26.650833129882812,230.55706787109375,0.0003,516,-0.9528712630271912
0.8583250045776367,-26.59847640991211,194.32183837890625,0.0003,517,-0.9655526876449585
0.858076810836792,-26.60226058959961,193.4145965576172,0.0003,518,-0.9811989665031433
0.8578282594680786,-26.58881950378418,239.70867919921875,0.0003,519,-0.9657027721405029
0.8575798869132996,-26.69775390625,232.6334228515625,0.0003,520,-0.960364580154419
0.8573318719863892,-26.72337532043457,187.00592041015625,0.0003,521,-0.9774028062820435
0.8570837378501892,-26.70759391784668,206.01010131835938,0.0003,522,-0.9577370882034302
0.8568360805511475,-26.71869659423828,235.1004638671875,0.0003,523,-0.966485857963562
0.8565886616706848,-26.789138793945312,242.34735107421875,0.0003,524,-0.9832664728164673
0.8563411235809326,-26.77606201171875,241.99392700195312,0.0003,525,-0.9625064134597778
0.8560940623283386,-26.80906105041504,211.30191040039062,0.0003,526,-0.9785758256912231
0.8558470010757446,-26.882278442382812,214.37704467773438,0.0003,527,-0.9824079871177673
0.8555999398231506,-26.957061767578125,201.41091918945312,0.0003,528,-0.9732311964035034
0.8553531169891357,-27.036191940307617,205.39036560058594,0.0003,529,-0.9870710372924805
0.8551062941551208,-27.077486038208008,186.5015106201172,0.0003,530,-0.9875527620315552
0.854859471321106,-26.999683380126953,180.9505157470703,0.0003,531,-0.9717560410499573
0.8546130657196045,-27.03806495666504,169.20343017578125,0.0003,532,-0.9854304194450378
0.8543667197227478,-26.979740142822266,231.36477661132812,0.0003,533,-0.9847676753997803
0.8541206121444702,-27.021150588989258,215.9500732421875,0.0003,534,-1.0036940574645996
0.8538742065429688,-27.066591262817383,216.59576416015625,0.0003,535,-0.9878756403923035
0.8536279797554016,-27.05853843688965,228.7724609375,0.0003,536,-1.008812427520752
0.8533814549446106,-27.058366775512695,227.32736206054688,0.0003,537,-0.9887039661407471
0.8531352281570435,-27.164308547973633,191.6975555419922,0.0003,538,-0.9917284846305847
0.8528892397880554,-27.112686157226562,207.67361450195312,0.0003,539,-0.994468629360199
0.8526434302330017,-27.17781639099121,207.91091918945312,0.0003,540,-0.9938310980796814
0.8523977994918823,-27.235990524291992,235.91378784179688,0.0003,541,-0.9922279119491577
0.8521525263786316,-27.315114974975586,215.36209106445312,0.0003,542,-1.0052356719970703
0.8519072532653809,-27.440227508544922,190.46426391601562,0.0003,543,-1.0065853595733643
0.8516619801521301,-27.42881965637207,197.58753967285156,0.0003,544,-1.019576072692871
0.8514164090156555,-27.412982940673828,186.44595336914062,0.0003,545,-1.0048481225967407
0.85117107629776,-27.478515625,198.67138671875,0.0003,546,-1.0205503702163696
0.8509255647659302,-27.54482078552246,209.30487060546875,0.0003,547,-1.0270240306854248
0.8506798148155212,-27.550674438476562,214.9539794921875,0.0003,548,-1.0226393938064575
0.8504339456558228,-27.66836929321289,191.11016845703125,0.0003,549,-1.0270750522613525
0.8501879572868347,-27.661544799804688,156.37911987304688,0.0003,550,-1.0195478200912476
0.8499420881271362,-27.66802215576172,189.47964477539062,0.0003,551,-1.0259003639221191
0.8496962189674377,-27.51103401184082,171.7271270751953,0.0003,552,-1.0121665000915527
0.8494507670402527,-27.629196166992188,192.81207275390625,0.0003,553,-1.0192625522613525
0.849205493927002,-27.67898941040039,221.3402862548828,0.0003,554,-1.028711199760437
0.8489602208137512,-27.74506378173828,188.84344482421875,0.0003,555,-1.0272934436798096
0.84871506690979,-27.77284812927246,180.28042602539062,0.0003,556,-1.040925145149231
0.8484697341918945,-27.625192642211914,206.52264404296875,0.0003,557,-1.0410490036010742
0.8482242822647095,-27.698043823242188,229.52227783203125,0.0003,558,-1.0344749689102173
0.847978949546814,-27.741043090820312,195.17579650878906,0.0003,559,-1.0509023666381836
0.8477333188056946,-27.751144409179688,187.95098876953125,0.0003,560,-1.039251685142517
0.8474878072738647,-27.74610710144043,244.6475372314453,0.0003,561,-1.0387301445007324
0.8472424149513245,-27.839862823486328,200.63597106933594,0.0003,562,-1.0458251237869263
0.8469970226287842,-27.909509658813477,220.01083374023438,0.0003,563,-1.0662508010864258
0.8467512726783752,-27.98880958557129,212.96185302734375,0.0003,564,-1.0633739233016968
0.8465052247047424,-27.965377807617188,173.10293579101562,0.0003,565,-1.0262117385864258
