train/actor_loss,train/learning_rate,train/critic_loss,train/n_updates,train/ent_coef,train/ent_coef_loss
-6.81194543838501,0.0003,16.056827545166016,293,0.9160073399543762,-0.588674008846283
-6.842949867248535,0.0003,0.1841716468334198,294,0.9157339930534363,-0.592402458190918
-6.812559127807617,0.0003,16.19900894165039,295,0.9154605269432068,-0.5897053480148315
-6.887094497680664,0.0003,0.1476137340068817,296,0.9151871800422668,-0.5943211317062378
-6.83782958984375,0.0003,0.158387690782547,297,0.9149137735366821,-0.5995694994926453
-6.841037750244141,0.0003,0.13920065760612488,298,0.9146403074264526,-0.5973779559135437
-6.815775394439697,0.0003,0.14438660442829132,299,0.9143668413162231,-0.5985778570175171
-6.85219669342041,0.0003,0.16135059297084808,300,0.9140934944152832,-0.6020187735557556
-6.827879428863525,0.0003,0.18737247586250305,301,0.913820207118988,-0.6042319536209106
-6.796898365020752,0.0003,0.11887867003679276,302,0.9135469198226929,-0.6044779419898987
-6.851753234863281,0.0003,0.17736026644706726,303,0.913273811340332,-0.6091361045837402
-6.8142991065979,0.0003,15.987865447998047,304,0.9130006432533264,-0.6057625412940979
-6.824146270751953,0.0003,0.15710443258285522,305,0.9127277135848999,-0.6100400686264038
-6.790645122528076,0.0003,0.12332626432180405,306,0.9124549031257629,-0.6112209558486938
-6.82766056060791,0.0003,0.1721939742565155,307,0.9121822118759155,-0.6165030002593994
-6.812910556793213,0.0003,0.17802459001541138,308,0.9119095802307129,-0.6066994071006775
-6.856529235839844,0.0003,0.16707739233970642,309,0.9116374850273132,-0.6260253190994263
-6.8356218338012695,0.0003,0.15996408462524414,310,0.9113650321960449,-0.6199403405189514
-6.814663887023926,0.0003,0.1785038858652115,311,0.9110927581787109,-0.6160250902175903
-6.82665491104126,0.0003,0.12255024909973145,312,0.9108208417892456,-0.6211602091789246
-6.809189319610596,0.0003,0.15196114778518677,313,0.9105491042137146,-0.6267176866531372
-6.812300682067871,0.0003,0.17829641699790955,314,0.9102773666381836,-0.6268284916877747
-6.8784308433532715,0.0003,0.13906991481781006,315,0.9100057482719421,-0.6307923793792725
-6.801820755004883,0.0003,0.13394567370414734,316,0.9097341895103455,-0.6287604570388794
-6.843869686126709,0.0003,0.2426363229751587,317,0.9094628095626831,-0.6332604885101318
-6.8193840980529785,0.0003,0.13464289903640747,318,0.9091915488243103,-0.6291003823280334
-6.820521831512451,0.0003,0.15307798981666565,319,0.9089205861091614,-0.632915735244751
-6.775779724121094,0.0003,0.19202283024787903,320,0.9086499214172363,-0.6358091831207275
-6.860897541046143,0.0003,0.16082704067230225,321,0.9083793759346008,-0.6415884494781494
-6.84453821182251,0.0003,0.16327756643295288,322,0.9081088304519653,-0.6388801336288452
-6.838461399078369,0.0003,0.12631630897521973,323,0.9078385233879089,-0.6436468958854675
-6.842778205871582,0.0003,0.12264081835746765,324,0.9075683355331421,-0.6451557278633118
-6.8584513664245605,0.0003,0.1588851660490036,325,0.90729820728302,-0.6446961760520935
-6.9011430740356445,0.0003,0.12974217534065247,326,0.9070282578468323,-0.6573446393013
-6.881198883056641,0.0003,15.938811302185059,327,0.9067580699920654,-0.6493487358093262
-6.898388862609863,0.0003,15.94990348815918,328,0.9064881205558777,-0.6547484993934631
-6.948410511016846,0.0003,0.1537582129240036,329,0.9062181711196899,-0.6616573333740234
-6.954880237579346,0.0003,0.15700092911720276,330,0.9059480428695679,-0.6550887823104858
-6.9698357582092285,0.0003,0.15186680853366852,331,0.9056781530380249,-0.6624672412872314
-7.014449596405029,0.0003,0.1111091747879982,332,0.9054082632064819,-0.6673431992530823
-6.969082355499268,0.0003,15.837072372436523,333,0.9051382541656494,-0.66569584608078
-7.002674579620361,0.0003,16.20150375366211,334,0.9048682451248169,-0.6633855700492859
-7.059490203857422,0.0003,0.1345382183790207,335,0.9045984745025635,-0.6659733653068542
-7.046980857849121,0.0003,0.13217124342918396,336,0.9043288826942444,-0.6691942811012268
-7.079784393310547,0.0003,0.14665007591247559,337,0.9040594100952148,-0.6729246377944946
-7.101751327514648,0.0003,0.14030160009860992,338,0.9037899971008301,-0.6775234937667847
-7.153600692749023,0.0003,0.12525850534439087,339,0.9035205245018005,-0.6865189671516418
-7.100588798522949,0.0003,0.1481757014989853,340,0.9032507538795471,-0.6762959957122803
-7.152988433837891,0.0003,0.1292594075202942,341,0.902981162071228,-0.6796913743019104
-7.147252559661865,0.0003,15.718149185180664,342,0.9027116894721985,-0.6764676570892334
-7.205552101135254,0.0003,0.13948774337768555,343,0.9024425745010376,-0.6955385804176331
-7.176486492156982,0.0003,15.881473541259766,344,0.9021731019020081,-0.6943653225898743
-7.186971664428711,0.0003,16.150793075561523,345,0.9019034504890442,-0.6835061311721802
-7.237498760223389,0.0003,0.17949241399765015,346,0.901634156703949,-0.6957013607025146
-7.252415180206299,0.0003,16.05731201171875,347,0.9013647437095642,-0.6940197944641113
-7.247252464294434,0.0003,0.15107038617134094,348,0.9010953903198242,-0.6997915506362915
-7.299177169799805,0.0003,31.860614776611328,349,0.9008259773254395,-0.7001781463623047
-7.282040596008301,0.0003,0.19230547547340393,350,0.9005565643310547,-0.6988718509674072
-7.368927955627441,0.0003,0.16845351457595825,351,0.9002873301506042,-0.7071422934532166
-7.323830604553223,0.0003,0.15488284826278687,352,0.9000179767608643,-0.7052615880966187
-7.335087776184082,0.0003,16.004714965820312,353,0.899748682975769,-0.7000054121017456
-7.333277225494385,0.0003,15.542966842651367,354,0.8994796872138977,-0.7099019885063171
-7.352035045623779,0.0003,0.1690007448196411,355,0.8992107510566711,-0.7077227830886841
-7.330705165863037,0.0003,15.585470199584961,356,0.8989419937133789,-0.7034720778465271
-7.401775360107422,0.0003,15.538934707641602,357,0.8986735939979553,-0.7167947888374329
-7.423884391784668,0.0003,15.515917778015137,358,0.898405134677887,-0.7146213054656982
-7.408843517303467,0.0003,15.87243938446045,359,0.8981367945671082,-0.7161815762519836
-7.43636417388916,0.0003,0.21593604981899261,360,0.8978686332702637,-0.7173037528991699
-7.4698686599731445,0.0003,0.1830580234527588,361,0.897600531578064,-0.7233834266662598
-7.469902038574219,0.0003,0.24672260880470276,362,0.897332489490509,-0.7277473211288452
-7.475067138671875,0.0003,0.17227628827095032,363,0.8970643281936646,-0.7248653173446655
-7.438955307006836,0.0003,0.24721258878707886,364,0.8967963457107544,-0.718227207660675
-7.419626235961914,0.0003,0.2813934087753296,365,0.8965287208557129,-0.7297941446304321
-7.412679195404053,0.0003,0.22348350286483765,366,0.8962610960006714,-0.7204430103302002
-7.412974834442139,0.0003,0.1690666675567627,367,0.8959939479827881,-0.7307724952697754
-7.368031024932861,0.0003,0.2601734399795532,368,0.8957269191741943,-0.729566752910614
-7.360310077667236,0.0003,0.17446565628051758,369,0.8954601287841797,-0.7307627201080322
-7.3672027587890625,0.0003,15.679658889770508,370,0.8951935768127441,-0.7351939082145691
-7.323930740356445,0.0003,0.153725266456604,371,0.8949270844459534,-0.7448130249977112
-7.339792251586914,0.0003,0.20193234086036682,372,0.8946605324745178,-0.7443481683731079
-7.364388942718506,0.0003,15.886919975280762,373,0.8943938612937927,-0.7555383443832397
-7.325439453125,0.0003,0.22387589514255524,374,0.8941268920898438,-0.7414374351501465
-7.296368598937988,0.0003,0.26469138264656067,375,0.8938602209091187,-0.7421882748603821
-7.348729610443115,0.0003,0.1568891406059265,376,0.8935937285423279,-0.7462124228477478
-7.318808555603027,0.0003,0.2526800036430359,377,0.893327534198761,-0.7503388524055481
-7.295650482177734,0.0003,0.19220736622810364,378,0.8930613398551941,-0.7534128427505493
-7.315435886383057,0.0003,0.1796155422925949,379,0.8927952647209167,-0.7472082376480103
-7.302365303039551,0.0003,0.17974120378494263,380,0.8925295472145081,-0.7568601369857788
-7.373231410980225,0.0003,0.1472686529159546,381,0.8922638893127441,-0.7600639462471008
-7.348484992980957,0.0003,15.873733520507812,382,0.8919981718063354,-0.7595745921134949
-7.327880859375,0.0003,0.1779235303401947,383,0.8917326331138611,-0.7504467964172363
-7.376567363739014,0.0003,0.15632663667201996,384,0.8914675116539001,-0.7674223184585571
-7.362029075622559,0.0003,0.24506649374961853,385,0.8912023901939392,-0.7646313905715942
-7.407743453979492,0.0003,15.682978630065918,386,0.890937328338623,-0.772058367729187
-7.3884596824646,0.0003,0.15728306770324707,387,0.8906721472740173,-0.7725924253463745
-7.4129319190979,0.0003,0.1775778830051422,388,0.8904070258140564,-0.7689042091369629
-7.438545227050781,0.0003,0.1709539145231247,389,0.890142023563385,-0.770611584186554
-7.442110061645508,0.0003,0.1615782380104065,390,0.8898772597312927,-0.7768998742103577
-7.445823669433594,0.0003,15.678364753723145,391,0.8896124958992004,-0.7716824412345886
-7.434675693511963,0.0003,0.20334336161613464,392,0.8893479704856873,-0.7798712253570557
-7.516135215759277,0.0003,0.17814156413078308,393,0.8890835046768188,-0.7839145660400391
-7.492404937744141,0.0003,0.1930665671825409,394,0.8888189792633057,-0.7763369083404541
-7.507009029388428,0.0003,0.17780974507331848,395,0.8885548114776611,-0.7803688049316406
-7.487744331359863,0.0003,0.16627050936222076,396,0.8882908225059509,-0.785698652267456
-7.525734901428223,0.0003,15.554916381835938,397,0.8880269527435303,-0.7843048572540283
-7.534459590911865,0.0003,15.620862007141113,398,0.8877632021903992,-0.7816299796104431
-7.539412021636963,0.0003,0.21222072839736938,399,0.8874998092651367,-0.7908408045768738
-7.586552619934082,0.0003,15.740372657775879,400,0.8872365355491638,-0.7924632430076599
-7.603555679321289,0.0003,0.19828206300735474,401,0.8869733214378357,-0.7930952310562134
-7.607109546661377,0.0003,0.15727007389068604,402,0.8867102265357971,-0.7879239320755005
-7.671606540679932,0.0003,0.15906381607055664,403,0.8864474296569824,-0.8020014762878418
-7.622917652130127,0.0003,0.1880541741847992,404,0.8861846327781677,-0.7997515201568604
-7.653496742248535,0.0003,0.1355668008327484,405,0.885921835899353,-0.7976993322372437
-7.676006317138672,0.0003,15.419708251953125,406,0.8856593370437622,-0.8071662783622742
-7.692242622375488,0.0003,0.26900240778923035,407,0.8853967189788818,-0.8061466217041016
-7.672715663909912,0.0003,0.17103543877601624,408,0.8851341605186462,-0.8097430467605591
-7.676548004150391,0.0003,0.18709897994995117,409,0.8848716616630554,-0.7988328337669373
-7.699067115783691,0.0003,0.22657418251037598,410,0.8846095204353333,-0.8166053891181946
-7.66411018371582,0.0003,0.17868727445602417,411,0.8843473196029663,-0.813278079032898
-7.663634777069092,0.0003,0.155546635389328,412,0.8840851783752441,-0.814914882183075
-7.679203033447266,0.0003,0.2035766988992691,413,0.8838230967521667,-0.8222059011459351
-7.663908004760742,0.0003,15.220279693603516,414,0.8835609555244446,-0.8226605653762817
-7.718226432800293,0.0003,0.22901475429534912,415,0.8832987546920776,-0.8288447260856628
-7.682743072509766,0.0003,0.13411805033683777,416,0.8830364346504211,-0.8315508961677551
-7.70214319229126,0.0003,0.1862744688987732,417,0.8827739357948303,-0.8292351961135864
-7.742321491241455,0.0003,15.167830467224121,418,0.8825114965438843,-0.8316336870193481
-7.690810680389404,0.0003,0.11795267462730408,419,0.8822490572929382,-0.8321367502212524
-7.714723587036133,0.0003,0.208653062582016,420,0.881986677646637,-0.8322993516921997
-7.720984935760498,0.0003,0.16176344454288483,421,0.8817243576049805,-0.8335210680961609
-7.726902484893799,0.0003,0.1153067871928215,422,0.8814622163772583,-0.8350335359573364
-7.740319728851318,0.0003,30.379322052001953,423,0.8812001943588257,-0.8541555404663086
-7.760986328125,0.0003,15.549398422241211,424,0.8809378147125244,-0.839999794960022
-7.794600486755371,0.0003,0.18729710578918457,425,0.8806755542755127,-0.8381374478340149
-7.791904449462891,0.0003,0.1582910567522049,426,0.8804135322570801,-0.840059757232666
-7.817741394042969,0.0003,0.20919111371040344,427,0.8801518082618713,-0.8448213338851929
-7.87325382232666,0.0003,15.047977447509766,428,0.8798902034759521,-0.8550184965133667
-7.862013816833496,0.0003,0.19417133927345276,429,0.8796284794807434,-0.8468308448791504
-7.886573314666748,0.0003,0.15798336267471313,430,0.879366934299469,-0.8434430956840515
-7.891023635864258,0.0003,0.18903227150440216,431,0.8791057467460632,-0.8506153225898743
-7.880434513092041,0.0003,0.13285663723945618,432,0.8788447976112366,-0.847760021686554
-7.899707317352295,0.0003,0.1955474466085434,433,0.878584086894989,-0.8509235382080078
-7.866448402404785,0.0003,0.1704196035861969,434,0.8783236145973206,-0.8623509407043457
-7.920296669006348,0.0003,0.14354857802391052,435,0.8780630826950073,-0.8695035576820374
-7.88734245300293,0.0003,0.22634480893611908,436,0.8778023719787598,-0.8577579259872437
-7.879575252532959,0.0003,14.966440200805664,437,0.8775418996810913,-0.8687863945960999
-7.887124061584473,0.0003,30.29850959777832,438,0.8772813677787781,-0.8665602207183838
-7.938099384307861,0.0003,15.01406478881836,439,0.8770209550857544,-0.8760602474212646
-7.906471252441406,0.0003,0.17360427975654602,440,0.8767603635787964,-0.8599616289138794
-7.954275131225586,0.0003,0.1598118543624878,441,0.8765001893043518,-0.8733729124069214
-7.965732097625732,0.0003,0.22253330051898956,442,0.876240074634552,-0.8780150413513184
-7.982785701751709,0.0003,0.14243409037590027,443,0.8759799003601074,-0.8863372802734375
-7.9811320304870605,0.0003,15.389459609985352,444,0.8757196068763733,-0.879029393196106
-7.9750895500183105,0.0003,0.18817178905010223,445,0.8754593133926392,-0.8819923400878906
-7.979499816894531,0.0003,0.15768252313137054,446,0.8751991391181946,-0.8814027905464172
-7.974181175231934,0.0003,0.14769677817821503,447,0.8749390840530396,-0.8893826603889465
-8.004434585571289,0.0003,14.87615966796875,448,0.8746789693832397,-0.8940169811248779
-8.012734413146973,0.0003,0.2111741602420807,449,0.8744187951087952,-0.8862767815589905
-8.035517692565918,0.0003,0.15930500626564026,450,0.8741587400436401,-0.8989412784576416
-8.015222549438477,0.0003,0.23670458793640137,451,0.8738986253738403,-0.8896357417106628
-8.021383285522461,0.0003,15.049583435058594,452,0.8736386895179749,-0.9034019112586975
-8.05483627319336,0.0003,0.1328147053718567,453,0.873378574848175,-0.8904281854629517
-8.000470161437988,0.0003,0.15167225897312164,454,0.8731188178062439,-0.9039857983589172
-8.04501724243164,0.0003,15.390729904174805,455,0.872859001159668,-0.8907864093780518
-8.046601295471191,0.0003,0.1635081171989441,456,0.8725996017456055,-0.8979580402374268
-8.02181625366211,0.0003,0.17971479892730713,457,0.8723404407501221,-0.9001844525337219
-8.073031425476074,0.0003,0.19838926196098328,458,0.8720813989639282,-0.8987698554992676
-8.055431365966797,0.0003,0.16727429628372192,459,0.871822714805603,-0.9063819646835327
-8.071779251098633,0.0003,0.126916766166687,460,0.8715640902519226,-0.9053440093994141
-8.048778533935547,0.0003,0.16705700755119324,461,0.8713056445121765,-0.9049475789070129
-8.058183670043945,0.0003,0.15977752208709717,462,0.8710473775863647,-0.9207324981689453
-8.003725051879883,0.0003,0.165185809135437,463,0.8707889914512634,-0.9084059000015259
-8.007650375366211,0.0003,0.1393791139125824,464,0.8705308437347412,-0.9073062539100647
-7.988974571228027,0.0003,0.20589354634284973,465,0.8702729940414429,-0.9116979837417603
-8.074727058410645,0.0003,14.803279876708984,466,0.8700153827667236,-0.921383261680603
-8.06448745727539,0.0003,0.13033518195152283,467,0.8697577714920044,-0.9225477576255798
-8.065232276916504,0.0003,15.016974449157715,468,0.8695002198219299,-0.9296534061431885
-8.077580451965332,0.0003,0.13411027193069458,469,0.8692424893379211,-0.9299346804618835
-8.099584579467773,0.0003,30.46281623840332,470,0.8689847588539124,-0.92643803358078
-8.136441230773926,0.0003,15.341540336608887,471,0.8687271475791931,-0.9145175218582153
-8.164266586303711,0.0003,0.139585942029953,472,0.8684699535369873,-0.9417839646339417
-8.238540649414062,0.0003,0.1135387197136879,473,0.8682125806808472,-0.9386216402053833
-8.229036331176758,0.0003,15.191271781921387,474,0.8679551482200623,-0.9422114491462708
-8.26168441772461,0.0003,0.16783598065376282,475,0.867697536945343,-0.9431172013282776
-8.2656831741333,0.0003,0.18051710724830627,476,0.8674399256706238,-0.9525508880615234
-8.319353103637695,0.0003,0.16246092319488525,477,0.8671820759773254,-0.9553735256195068
-8.303146362304688,0.0003,0.1544211506843567,478,0.866923987865448,-0.9398397207260132
-8.33526611328125,0.0003,0.18674156069755554,479,0.8666661381721497,-0.9510433673858643
-8.305408477783203,0.0003,0.14692269265651703,480,0.8664082884788513,-0.9546593427658081
-8.359938621520996,0.0003,0.14887279272079468,481,0.866150438785553,-0.9582949876785278
-8.300082206726074,0.0003,0.11528369039297104,482,0.8658925294876099,-0.9599339365959167
-8.267668724060059,0.0003,0.10216116160154343,483,0.865634560585022,-0.956901490688324
-8.316526412963867,0.0003,15.13880443572998,484,0.8653766512870789,-0.958881139755249
-8.332695960998535,0.0003,15.096321105957031,485,0.8651188611984253,-0.958686113357544
-8.311141967773438,0.0003,0.14118707180023193,486,0.864861249923706,-0.9487283825874329
-8.272016525268555,0.0003,0.16446255147457123,487,0.8646040558815002,-0.9472943544387817
-8.37552261352539,0.0003,14.646451950073242,488,0.8643473982810974,-0.9659714102745056
-8.351099014282227,0.0003,14.655315399169922,489,0.8640907406806946,-0.968194305896759
-8.370107650756836,0.0003,0.14069506525993347,490,0.8638340830802917,-0.9771124124526978
-8.421516418457031,0.0003,15.10228157043457,491,0.8635773062705994,-0.9740201830863953
-8.40440845489502,0.0003,0.1669081449508667,492,0.863320529460907,-0.9820639491081238
-8.397597312927246,0.0003,0.13525201380252838,493,0.8630635738372803,-0.9909820556640625
-8.422006607055664,0.0003,0.16488933563232422,494,0.8628063797950745,-0.9726587533950806
-8.444486618041992,0.0003,15.001535415649414,495,0.862549364566803,-0.9706966876983643
-8.422816276550293,0.0003,0.14498461782932281,496,0.8622927069664001,-0.9807912111282349
-8.366043090820312,0.0003,15.019363403320312,497,0.8620361685752869,-0.9768892526626587
-8.485755920410156,0.0003,14.581023216247559,498,0.8617798686027527,-0.9777265787124634
-8.434771537780762,0.0003,0.14771777391433716,499,0.8615238666534424,-0.9682521224021912
-8.489873886108398,0.0003,0.15119294822216034,500,0.8612683415412903,-0.983344316482544
-8.489543914794922,0.0003,0.19573932886123657,501,0.8610129952430725,-0.9932917356491089
-8.463354110717773,0.0003,0.12937325239181519,502,0.86075758934021,-0.9903325438499451
-8.496173858642578,0.0003,29.310394287109375,503,0.8605022430419922,-0.9872466325759888
-8.494125366210938,0.0003,0.14925043284893036,504,0.8602470755577087,-0.9973123073577881
-8.48788833618164,0.0003,0.13371294736862183,505,0.8599919080734253,-0.9960142374038696
-8.495844841003418,0.0003,0.1675790250301361,506,0.8597368597984314,-1.0103741884231567
-8.524210929870605,0.0003,14.51699447631836,507,0.8594815135002136,-1.0052270889282227
-8.556501388549805,0.0003,14.525470733642578,508,0.8592261672019958,-1.0105066299438477
-8.546212196350098,0.0003,0.13843747973442078,509,0.8589707612991333,-1.020866870880127
-8.539993286132812,0.0003,0.13069024682044983,510,0.8587149977684021,-1.0024957656860352
-8.545920372009277,0.0003,0.15996065735816956,511,0.8584595322608948,-1.0056151151657104
-8.590165138244629,0.0003,0.14626826345920563,512,0.8582043051719666,-1.0078262090682983
-8.552425384521484,0.0003,14.664417266845703,513,0.8579491972923279,-1.0070812702178955
-8.588193893432617,0.0003,0.15909965336322784,514,0.8576943278312683,-1.0203523635864258
-8.574735641479492,0.0003,14.861417770385742,515,0.8574394583702087,-1.0152513980865479
-8.631718635559082,0.0003,14.420668601989746,516,0.857184648513794,-1.017649531364441
-8.634332656860352,0.0003,0.13043177127838135,517,0.8569300174713135,-1.0315614938735962
-8.66612720489502,0.0003,0.26861095428466797,518,0.8566752076148987,-1.0360394716262817
-8.64596939086914,0.0003,0.20908254384994507,519,0.85642009973526,-1.0276161432266235
-8.686309814453125,0.0003,0.16633567214012146,520,0.8561651110649109,-1.0403932332992554
-8.66719913482666,0.0003,14.584685325622559,521,0.8559099435806274,-1.0273634195327759
-8.625711441040039,0.0003,0.1699850708246231,522,0.8556549549102783,-1.026241421699524
-8.698314666748047,0.0003,29.44232177734375,523,0.8554002046585083,-1.0296012163162231
-8.689013481140137,0.0003,0.14796820282936096,524,0.8551456928253174,-1.0375765562057495
-8.717591285705566,0.0003,0.13315752148628235,525,0.8548911809921265,-1.0286108255386353
-8.65970230102539,0.0003,0.16623413562774658,526,0.8546370267868042,-1.0522605180740356
-8.69424057006836,0.0003,0.1591019630432129,527,0.8543826341629028,-1.0453797578811646
-8.727563858032227,0.0003,14.555793762207031,528,0.8541282415390015,-1.0419687032699585
-8.709480285644531,0.0003,0.13059382140636444,529,0.8538739681243896,-1.0422890186309814
-8.726316452026367,0.0003,0.19040781259536743,530,0.8536198735237122,-1.0493130683898926
-8.72496509552002,0.0003,0.15614205598831177,531,0.8533658385276794,-1.051953911781311
-8.710533142089844,0.0003,0.14440137147903442,532,0.8531118631362915,-1.0544919967651367
-8.683015823364258,0.0003,14.764962196350098,533,0.8528578877449036,-1.0542360544204712
-8.717900276184082,0.0003,0.1449039876461029,534,0.8526040315628052,-1.0641647577285767
-8.702875137329102,0.0003,0.11109309643507004,535,0.8523499965667725,-1.0537939071655273
-8.685783386230469,0.0003,0.11623862385749817,536,0.8520961999893188,-1.0694329738616943
-8.737405776977539,0.0003,14.7353515625,537,0.8518422842025757,-1.0676289796829224
-8.736051559448242,0.0003,14.5126371383667,538,0.8515883088111877,-1.0617024898529053
-8.763874053955078,0.0003,14.21988296508789,539,0.8513345718383789,-1.0568444728851318
-8.785334587097168,0.0003,14.243104934692383,540,0.8510810732841492,-1.0579805374145508
-8.807525634765625,0.0003,0.12555676698684692,541,0.8508279323577881,-1.067274808883667
-8.819753646850586,0.0003,0.11883322149515152,542,0.8505749106407166,-1.0598046779632568
-8.890924453735352,0.0003,0.1685548573732376,543,0.8503221869468689,-1.0748016834259033
-8.869255065917969,0.0003,0.20404547452926636,544,0.850069522857666,-1.0787221193313599
-8.862167358398438,0.0003,0.11894981563091278,545,0.8498167395591736,-1.08169424533844
-8.893783569335938,0.0003,0.18971878290176392,546,0.8495639562606812,-1.0878273248672485
-8.86015510559082,0.0003,0.15689429640769958,547,0.8493110537528992,-1.0835882425308228
-8.842452049255371,0.0003,0.13477981090545654,548,0.849058210849762,-1.092443823814392
-8.864912033081055,0.0003,0.16656918823719025,549,0.8488051891326904,-1.0966529846191406
-8.849102020263672,0.0003,0.12049339711666107,550,0.8485520482063293,-1.091766119003296
-8.83247184753418,0.0003,28.874269485473633,551,0.8482989072799683,-1.0872246026992798
-8.835921287536621,0.0003,14.189657211303711,552,0.8480460047721863,-1.0836526155471802
-8.882344245910645,0.0003,14.670186996459961,553,0.8477933406829834,-1.0819092988967896
-8.944573402404785,0.0003,0.14536228775978088,554,0.847541093826294,-1.0921375751495361
-8.979360580444336,0.0003,0.10554070770740509,555,0.8472889065742493,-1.1025469303131104
-8.972189903259277,0.0003,14.287130355834961,556,0.8470367193222046,-1.106239914894104
-8.987338066101074,0.0003,0.13859950006008148,557,0.8467844128608704,-1.1061756610870361
-8.956795692443848,0.0003,0.19001233577728271,558,0.8465321063995361,-1.096952199935913
-9.017184257507324,0.0003,28.163177490234375,559,0.846280038356781,-1.095022201538086
-9.068573951721191,0.0003,13.994431495666504,560,0.8460282683372498,-1.0987322330474854
-9.080156326293945,0.0003,0.2159310281276703,561,0.8457767367362976,-1.1067850589752197
-9.08185863494873,0.0003,0.1565876454114914,562,0.845525324344635,-1.1133872270584106
-9.071334838867188,0.0003,0.18579311668872833,563,0.8452739119529724,-1.1178412437438965
-9.14338207244873,0.0003,14.032112121582031,564,0.8450223803520203,-1.112022042274475
-9.113092422485352,0.0003,27.7901554107666,565,0.8447710275650024,-1.0977210998535156
-9.141416549682617,0.0003,0.2451574206352234,566,0.8445201516151428,-1.1017335653305054
-9.162891387939453,0.0003,0.20382937788963318,567,0.8442696332931519,-1.11143159866333
-9.152261734008789,0.0003,0.24634113907814026,568,0.8440192937850952,-1.123916745185852
-9.141454696655273,0.0003,0.20308443903923035,569,0.8437689542770386,-1.1333401203155518
-9.113808631896973,0.0003,13.922898292541504,570,0.8435183167457581,-1.1060782670974731
-9.116022109985352,0.0003,13.905501365661621,571,0.8432682156562805,-1.1294910907745361
-9.134780883789062,0.0003,14.140813827514648,572,0.8430180549621582,-1.133976697921753
-9.172079086303711,0.0003,0.2068207561969757,573,0.8427677750587463,-1.1375763416290283
-9.192330360412598,0.0003,0.168730229139328,574,0.8425174355506897,-1.1357537508010864
-9.182671546936035,0.0003,0.20577585697174072,575,0.8422670364379883,-1.1204537153244019
-9.162230491638184,0.0003,14.08721923828125,576,0.8420170545578003,-1.137643575668335
-9.177570343017578,0.0003,0.23382535576820374,577,0.8417670130729675,-1.1274831295013428
-9.124733924865723,0.0003,0.20220011472702026,578,0.8415173292160034,-1.1467199325561523
-9.11116886138916,0.0003,0.18660302460193634,579,0.841267466545105,-1.1413726806640625
-9.12864875793457,0.0003,14.09919548034668,580,0.8410177230834961,-1.142170786857605
-9.155333518981934,0.0003,0.18260450661182404,581,0.840768039226532,-1.1582214832305908
-9.125689506530762,0.0003,14.500883102416992,582,0.8405181169509888,-1.152578353881836
-9.155447006225586,0.0003,0.19260382652282715,583,0.8402682542800903,-1.1519138813018799
-9.148821830749512,0.0003,14.531003952026367,584,0.8400183320045471,-1.149515151977539
-9.150301933288574,0.0003,0.19752177596092224,585,0.8397685885429382,-1.1489458084106445
-9.126470565795898,0.0003,0.18555770814418793,586,0.8395190238952637,-1.1574666500091553
-9.172853469848633,0.0003,0.1981973648071289,587,0.8392695188522339,-1.1579755544662476
-9.140382766723633,0.0003,0.19782449305057526,588,0.8390200734138489,-1.141523003578186
-9.129108428955078,0.0003,14.480525016784668,589,0.8387710452079773,-1.1494953632354736
-9.161480903625488,0.0003,0.15764090418815613,590,0.8385223150253296,-1.1605839729309082
-9.159241676330566,0.0003,0.19070279598236084,591,0.8382737040519714,-1.1697046756744385
-9.210935592651367,0.0003,14.027891159057617,592,0.8380249738693237,-1.166281819343567
-9.235533714294434,0.0003,14.839278221130371,593,0.8377763032913208,-1.1746232509613037
-9.21490478515625,0.0003,0.1710699200630188,594,0.8375275731086731,-1.1737053394317627
-9.24846076965332,0.0003,0.21190407872200012,595,0.8372787833213806,-1.1609013080596924
-9.259696960449219,0.0003,13.77676010131836,596,0.8370303511619568,-1.1811000108718872
-9.243520736694336,0.0003,0.2518046498298645,597,0.8367817997932434,-1.1687421798706055
-9.281944274902344,0.0003,0.20189350843429565,598,0.8365334868431091,-1.1502522230148315
-9.2747802734375,0.0003,0.16207236051559448,599,0.8362857699394226,-1.1599010229110718
-9.308260917663574,0.0003,14.427248001098633,600,0.8360385298728943,-1.1653575897216797
-9.333571434020996,0.0003,0.18103493750095367,601,0.8357915282249451,-1.177856683731079
-9.296050071716309,0.0003,0.1824781894683838,602,0.8355445861816406,-1.1739723682403564
-9.323497772216797,0.0003,0.21148672699928284,603,0.8352978229522705,-1.1874704360961914
-9.32243537902832,0.0003,0.13732951879501343,604,0.8350510001182556,-1.1856979131698608
-9.299489974975586,0.0003,0.19524313509464264,605,0.8348042368888855,-1.189969778060913
-9.28765869140625,0.0003,14.369064331054688,606,0.8345574140548706,-1.1805686950683594
-9.342693328857422,0.0003,0.16134770214557648,607,0.8343108296394348,-1.1937536001205444
-9.32453727722168,0.0003,28.533784866333008,608,0.8340641856193542,-1.185646414756775
-9.341106414794922,0.0003,0.19845175743103027,609,0.833817720413208,-1.185523509979248
-9.37656307220459,0.0003,0.1456344723701477,610,0.8335714936256409,-1.201470136642456
-9.343963623046875,0.0003,0.1392660140991211,611,0.833325207233429,-1.1914469003677368
-9.35401725769043,0.0003,0.1273120939731598,612,0.8330790400505066,-1.1953727006912231
-9.337847709655762,0.0003,0.15652932226657867,613,0.8328330516815186,-1.197113037109375
-9.367791175842285,0.0003,0.16645431518554688,614,0.8325871825218201,-1.188557744026184
-9.350709915161133,0.0003,14.684450149536133,615,0.8323416113853455,-1.2027966976165771
-9.374229431152344,0.0003,0.11091089248657227,616,0.8320960998535156,-1.2315821647644043
-9.349807739257812,0.0003,0.13921628892421722,617,0.8318501114845276,-1.217247724533081
-9.429311752319336,0.0003,13.693920135498047,618,0.83160400390625,-1.223311424255371
-9.379112243652344,0.0003,0.13176706433296204,619,0.8313577175140381,-1.229735255241394
-9.398932456970215,0.0003,0.161512553691864,620,0.8311111927032471,-1.2295353412628174
-9.40148639678955,0.0003,13.972503662109375,621,0.8308645486831665,-1.205580711364746
-9.436670303344727,0.0003,0.16520535945892334,622,0.8306182622909546,-1.2341846227645874
-9.423381805419922,0.0003,0.12210913002490997,623,0.8303718566894531,-1.2284208536148071
-9.44713020324707,0.0003,0.1140689104795456,624,0.8301253914833069,-1.2269976139068604
-9.412439346313477,0.0003,0.13825036585330963,625,0.8298789858818054,-1.234116554260254
-9.45619010925293,0.0003,13.893373489379883,626,0.829632580280304,-1.2422373294830322
-9.435983657836914,0.0003,0.13544131815433502,627,0.8293859958648682,-1.231515884399414
-9.510345458984375,0.0003,14.23462200164795,628,0.8291395902633667,-1.2357282638549805
-9.507489204406738,0.0003,0.11412554979324341,629,0.82889324426651,-1.2340378761291504
-9.501755714416504,0.0003,0.11252448707818985,630,0.8286470174789429,-1.2525708675384521
-9.510720252990723,0.0003,0.11198477447032928,631,0.8284006118774414,-1.2310320138931274
-9.47346305847168,0.0003,0.1437307745218277,632,0.8281545639038086,-1.2266275882720947
-9.50469970703125,0.0003,0.09881789982318878,633,0.8279088735580444,-1.2555015087127686
-9.52591609954834,0.0003,0.12069563567638397,634,0.8276630640029907,-1.2490285634994507
-9.513603210449219,0.0003,0.10719352215528488,635,0.8274171948432922,-1.2491785287857056
-9.505399703979492,0.0003,0.13215306401252747,636,0.8271715044975281,-1.2675681114196777
-9.510639190673828,0.0003,0.13905903697013855,637,0.82692551612854,-1.2588080167770386
-9.551860809326172,0.0003,0.10935410857200623,638,0.8266794681549072,-1.2782623767852783
-9.476667404174805,0.0003,0.11687818169593811,639,0.8264331817626953,-1.2583909034729004
-9.46017837524414,0.0003,0.09692446887493134,640,0.8261869549751282,-1.265204906463623
-9.53194808959961,0.0003,0.09317795932292938,641,0.8259407877922058,-1.262150526046753
-9.515767097473145,0.0003,0.09542466700077057,642,0.825694739818573,-1.273705244064331
-9.52039623260498,0.0003,0.11120910942554474,643,0.8254485726356506,-1.2800313234329224
-9.514532089233398,0.0003,0.08521718531847,644,0.8252023458480835,-1.273004174232483
-9.459278106689453,0.0003,0.10657668113708496,645,0.8249561786651611,-1.2770893573760986
-9.511553764343262,0.0003,0.1294717788696289,646,0.8247100114822388,-1.2645494937896729
-9.50831413269043,0.0003,0.13096094131469727,647,0.8244641423225403,-1.2887780666351318
-9.529461860656738,0.0003,0.09865279495716095,648,0.8242181539535522,-1.2719504833221436
-9.559632301330566,0.0003,0.07485967874526978,649,0.8239723443984985,-1.2817856073379517
-9.564077377319336,0.0003,14.178884506225586,650,0.8237266540527344,-1.3052685260772705
-9.531187057495117,0.0003,0.13033637404441833,651,0.8234806656837463,-1.2769770622253418
-9.587552070617676,0.0003,0.07363467663526535,652,0.8232348561286926,-1.304743766784668
-9.596785545349121,0.0003,0.13183468580245972,653,0.8229888677597046,-1.2780388593673706
-9.64885139465332,0.0003,0.14308607578277588,654,0.8227432370185852,-1.290644884109497
-9.653345108032227,0.0003,0.08350145816802979,655,0.8224977254867554,-1.290515422821045
-9.66458797454834,0.0003,0.11319492757320404,656,0.8222523331642151,-1.2981261014938354
-9.66581916809082,0.0003,0.09675196558237076,657,0.8220069408416748,-1.3066014051437378
-9.671623229980469,0.0003,0.08856147527694702,658,0.8217614889144897,-1.3087046146392822
-9.660768508911133,0.0003,14.099990844726562,659,0.8215159773826599,-1.3093277215957642
-9.700312614440918,0.0003,0.08504626154899597,660,0.8212704658508301,-1.3011877536773682
-9.716249465942383,0.0003,13.565939903259277,661,0.8210250735282898,-1.315027117729187
-9.713473320007324,0.0003,0.09892354905605316,662,0.8207796812057495,-1.3083056211471558
-9.781575202941895,0.0003,0.1274116337299347,663,0.820534348487854,-1.309544324874878
-9.790580749511719,0.0003,0.11847014725208282,664,0.820289134979248,-1.3075706958770752
-9.756860733032227,0.0003,0.10837465524673462,665,0.8200441598892212,-1.3093860149383545
-9.78291130065918,0.0003,0.09034363180398941,666,0.8197993636131287,-1.3215858936309814
-9.79875659942627,0.0003,0.10458746552467346,667,0.8195545077323914,-1.3186932802200317
-9.826376914978027,0.0003,0.08426821231842041,668,0.8193097114562988,-1.329330563545227
-9.78120231628418,0.0003,0.08528579026460648,669,0.8190649151802063,-1.3217030763626099
-9.792762756347656,0.0003,0.09217497706413269,670,0.8188201785087585,-1.3376038074493408
-9.76224422454834,0.0003,0.12032044678926468,671,0.8185753226280212,-1.345694661140442
-9.755925178527832,0.0003,14.031007766723633,672,0.8183302283287048,-1.3156838417053223
-9.728174209594727,0.0003,0.10028646886348724,673,0.8180854916572571,-1.3240811824798584
-9.7893705368042,0.0003,0.08441784977912903,674,0.8178409934043884,-1.3300073146820068
-9.751358985900879,0.0003,13.471149444580078,675,0.8175966143608093,-1.3337745666503906
-9.825583457946777,0.0003,0.09644313156604767,676,0.8173524141311646,-1.3435288667678833
-9.82592487335205,0.0003,0.10230870544910431,677,0.8171080946922302,-1.3446100950241089
-9.813126564025879,0.0003,0.10908758640289307,678,0.8168638348579407,-1.3370168209075928
-9.861858367919922,0.0003,0.08099066466093063,679,0.8166196942329407,-1.3476824760437012
-9.81375789642334,0.0003,0.09138615429401398,680,0.8163755536079407,-1.3555852174758911
-9.83407211303711,0.0003,0.12473216652870178,681,0.8161312937736511,-1.3460636138916016
-9.829882621765137,0.0003,0.10140695422887802,682,0.8158872127532959,-1.3593007326126099
-9.83079719543457,0.0003,0.14809510111808777,683,0.8156430721282959,-1.343264102935791
-9.882226943969727,0.0003,0.09584274888038635,684,0.8153991103172302,-1.362257480621338
-9.859504699707031,0.0003,0.0824345052242279,685,0.8151551485061646,-1.3588902950286865
-9.800272941589355,0.0003,0.08066685497760773,686,0.8149111866950989,-1.3656704425811768
-9.854498863220215,0.0003,0.0684947520494461,687,0.8146672248840332,-1.364829659461975
-9.835046768188477,0.0003,0.08409000933170319,688,0.8144232630729675,-1.3596645593643188
-9.847068786621094,0.0003,0.07628954946994781,689,0.8141794800758362,-1.3560408353805542
-9.876383781433105,0.0003,0.0823979377746582,690,0.8139359354972839,-1.3778884410858154
-9.87950325012207,0.0003,13.67017936706543,691,0.8136922121047974,-1.374764323234558
-9.888254165649414,0.0003,0.08672286570072174,692,0.8134485483169556,-1.3725357055664062
-9.948434829711914,0.0003,0.07910463213920593,693,0.8132049441337585,-1.3739680051803589
-9.919261932373047,0.0003,0.0830988734960556,694,0.8129613995552063,-1.3764219284057617
-9.947415351867676,0.0003,13.897253036499023,695,0.8127179145812988,-1.3675214052200317
-10.03783893585205,0.0003,13.351192474365234,696,0.8124747276306152,-1.3797082901000977
-10.017775535583496,0.0003,0.0830531194806099,697,0.8122316002845764,-1.3880460262298584
-10.072574615478516,0.0003,0.0917104035615921,698,0.8119884133338928,-1.3886189460754395
-10.113638877868652,0.0003,0.1166304349899292,699,0.8117451667785645,-1.389926552772522
-10.088193893432617,0.0003,0.1028921902179718,700,0.8115020394325256,-1.3932770490646362
-10.100314140319824,0.0003,0.10700205713510513,701,0.811258852481842,-1.376705527305603
-10.11727523803711,0.0003,0.09504052996635437,702,0.8110159635543823,-1.403282880783081
-10.116018295288086,0.0003,13.510580062866211,703,0.8107729554176331,-1.395355463027954
-10.118404388427734,0.0003,0.0877235159277916,704,0.8105300664901733,-1.405073881149292
-10.127458572387695,0.0003,13.830121040344238,705,0.8102870583534241,-1.398547649383545
-10.108901977539062,0.0003,0.13435637950897217,706,0.8100441694259644,-1.4002459049224854
-10.142193794250488,0.0003,13.450596809387207,707,0.8098013401031494,-1.4059398174285889
-10.191946029663086,0.0003,0.10915696620941162,708,0.8095585703849792,-1.408278226852417
-10.186869621276855,0.0003,13.77238655090332,709,0.8093158602714539,-1.4115055799484253
-10.226705551147461,0.0003,13.729879379272461,710,0.8090731501579285,-1.407874584197998
-10.208629608154297,0.0003,0.10057181119918823,711,0.8088304996490479,-1.418311357498169
-10.258670806884766,0.0003,0.11712215095758438,712,0.8085878491401672,-1.4178600311279297
-10.266497611999512,0.0003,13.364521026611328,713,0.8083451986312866,-1.4257009029388428
-10.230213165283203,0.0003,0.11663591116666794,714,0.808102548122406,-1.422980546951294
-10.26533317565918,0.0003,13.318567276000977,715,0.8078598380088806,-1.4193072319030762
-10.316397666931152,0.0003,0.12244579195976257,716,0.8076173067092896,-1.4263819456100464
-10.318099975585938,0.0003,0.0898791253566742,717,0.8073747754096985,-1.4318498373031616
-10.233678817749023,0.0003,0.12427482008934021,718,0.8071321845054626,-1.4343271255493164
-10.241878509521484,0.0003,0.07056267559528351,719,0.8068896532058716,-1.4274239540100098
-10.273262023925781,0.0003,0.13248969614505768,720,0.8066472411155701,-1.4319210052490234
-10.222498893737793,0.0003,0.16309522092342377,721,0.8064048886299133,-1.437161922454834
-10.23171329498291,0.0003,0.1177116334438324,722,0.8061625957489014,-1.4458489418029785
-10.239500999450684,0.0003,0.08654989302158356,723,0.8059201836585999,-1.442604422569275
-10.161294937133789,0.0003,0.10694216936826706,724,0.8056778311729431,-1.4388751983642578
-10.14710521697998,0.0003,0.09340272843837738,725,0.8054355978965759,-1.4376527070999146
-10.144340515136719,0.0003,0.13744188845157623,726,0.8051936030387878,-1.4482372999191284
-10.174689292907715,0.0003,0.12515655159950256,727,0.804951548576355,-1.4592771530151367
-10.144990921020508,0.0003,0.10257622599601746,728,0.8047094345092773,-1.426639437675476
-10.131089210510254,0.0003,13.189003944396973,729,0.8044677376747131,-1.4623737335205078
-10.157421112060547,0.0003,14.018260955810547,730,0.8042259812355042,-1.4438397884368896
-10.242680549621582,0.0003,0.11816225945949554,731,0.8039844036102295,-1.446331262588501
-10.243660926818848,0.0003,0.11877614259719849,732,0.8037430644035339,-1.4469661712646484
-10.239830017089844,0.0003,0.14400464296340942,733,0.8035019040107727,-1.4468713998794556
-10.313175201416016,0.0003,0.11755223572254181,734,0.8032610416412354,-1.4624159336090088
-10.35999870300293,0.0003,0.09977354109287262,735,0.8030201196670532,-1.4587392807006836
-10.385228157043457,0.0003,13.606765747070312,736,0.8027793169021606,-1.4569315910339355
-10.416509628295898,0.0003,26.7115478515625,737,0.8025386929512024,-1.453068733215332
-10.455301284790039,0.0003,0.11182501912117004,738,0.8022982478141785,-1.469417691230774
-10.489580154418945,0.0003,0.10425649583339691,739,0.8020578622817993,-1.4828753471374512
-10.537276268005371,0.0003,0.15633231401443481,740,0.8018172383308411,-1.4643824100494385
-10.525293350219727,0.0003,0.17660927772521973,741,0.8015768527984619,-1.4655054807662964
-10.525699615478516,0.0003,0.0941770076751709,742,0.8013365864753723,-1.4974205493927002
-10.51156234741211,0.0003,0.11584725230932236,743,0.8010960221290588,-1.4817111492156982
-10.507887840270996,0.0003,13.539922714233398,744,0.8008554577827454,-1.4908535480499268
-10.463581085205078,0.0003,0.11959898471832275,745,0.8006148338317871,-1.4865169525146484
-10.461044311523438,0.0003,13.535557746887207,746,0.8003742098808289,-1.4596965312957764
-10.495620727539062,0.0003,0.14923489093780518,747,0.8001340627670288,-1.4845960140228271
-10.500808715820312,0.0003,13.817487716674805,748,0.7998939752578735,-1.4861308336257935
-10.507699966430664,0.0003,13.788625717163086,749,0.7996540069580078,-1.492283582687378
-10.514813423156738,0.0003,0.10131656378507614,750,0.7994140386581421,-1.487877607345581
-10.491369247436523,0.0003,0.09448438882827759,751,0.7991742491722107,-1.4790078401565552
-10.47037124633789,0.0003,0.09907416254281998,752,0.7989346981048584,-1.489267110824585
-10.502580642700195,0.0003,0.10277630388736725,753,0.7986952662467957,-1.4883006811141968
-10.480158805847168,0.0003,0.08986557275056839,754,0.7984560132026672,-1.4883487224578857
-10.455333709716797,0.0003,0.12203052639961243,755,0.7982169985771179,-1.4894444942474365
-10.484036445617676,0.0003,0.07794175297021866,756,0.7979781627655029,-1.5030255317687988
-10.508851051330566,0.0003,0.0726817399263382,757,0.7977393269538879,-1.5151921510696411
-10.488097190856934,0.0003,13.466312408447266,758,0.7975003123283386,-1.5134357213974
-10.466559410095215,0.0003,0.09524362534284592,759,0.7972612977027893,-1.5007424354553223
-10.476081848144531,0.0003,0.14391246438026428,760,0.7970224022865295,-1.5192538499832153
-10.518377304077148,0.0003,26.358367919921875,761,0.796783447265625,-1.5115888118743896
-10.53153133392334,0.0003,0.0899442583322525,762,0.7965445518493652,-1.4960441589355469
-10.584019660949707,0.0003,0.11799731850624084,763,0.7963060140609741,-1.5263890027999878
-10.554591178894043,0.0003,13.165531158447266,764,0.7960672974586487,-1.5104804039001465
-10.614437103271484,0.0003,0.09231668710708618,765,0.7958288192749023,-1.5089308023452759
-10.652751922607422,0.0003,0.12062139809131622,766,0.7955905795097351,-1.517075777053833
-10.657591819763184,0.0003,13.048755645751953,767,0.7953523993492126,-1.5123603343963623
-10.671734809875488,0.0003,0.11951026320457458,768,0.7951144576072693,-1.5061074495315552
-10.749992370605469,0.0003,13.012683868408203,769,0.7948768138885498,-1.53927481174469
-10.694430351257324,0.0003,0.12654829025268555,770,0.794638991355896,-1.523997187614441
-10.770759582519531,0.0003,12.99563980102539,771,0.7944012880325317,-1.539618730545044
-10.775008201599121,0.0003,0.1743083894252777,772,0.7941634654998779,-1.5307163000106812
-10.756319999694824,0.0003,0.11644640564918518,773,0.7939257025718689,-1.5425639152526855
-10.758614540100098,0.0003,0.15828046202659607,774,0.7936878800392151,-1.5358407497406006
-10.71574592590332,0.0003,13.291879653930664,775,0.7934501767158508,-1.5194677114486694
-10.702190399169922,0.0003,0.10156454145908356,776,0.7932127714157104,-1.5186896324157715
-10.70094108581543,0.0003,11.597532272338867,777,0.7929757833480835,-1.545608639717102
-10.66545295715332,0.0003,0.15181605517864227,778,0.792738676071167,-1.5453318357467651
-10.635747909545898,0.0003,12.809961318969727,779,0.7925016283988953,-1.5537056922912598
-10.665302276611328,0.0003,0.09540907293558121,780,0.7922645211219788,-1.5630953311920166
-10.677459716796875,0.0003,12.954206466674805,781,0.7920271754264832,-1.5543862581253052
-10.644250869750977,0.0003,0.06845535337924957,782,0.7917898297309875,-1.5572361946105957
-10.67167854309082,0.0003,12.951898574829102,783,0.7915525436401367,-1.5562808513641357
-10.674864768981934,0.0003,13.631246566772461,784,0.7913152575492859,-1.5605895519256592
-10.725090980529785,0.0003,0.1230955421924591,785,0.7910780310630798,-1.5451383590698242
-10.716073989868164,0.0003,0.1267206221818924,786,0.7908410429954529,-1.5485761165618896
-10.806978225708008,0.0003,0.14807283878326416,787,0.7906043529510498,-1.5742191076278687
-10.794662475585938,0.0003,0.11897099763154984,788,0.7903674840927124,-1.5537362098693848
-10.822179794311523,0.0003,0.11589668691158295,789,0.7901308536529541,-1.5708295106887817
-10.85615348815918,0.0003,0.09868913888931274,790,0.7898942232131958,-1.552993893623352
-10.784269332885742,0.0003,0.11514465510845184,791,0.7896578311920166,-1.5713632106781006
-10.784351348876953,0.0003,0.10778385400772095,792,0.7894214987754822,-1.570023775100708
-10.844438552856445,0.0003,12.674873352050781,793,0.7891852259635925,-1.5710943937301636
-10.838764190673828,0.0003,0.10264457017183304,794,0.7889490723609924,-1.573904275894165
-10.861827850341797,0.0003,13.235225677490234,795,0.7887129783630371,-1.5624661445617676
