train/actor_loss,train/ent_coef_loss,train/n_updates,train/critic_loss,train/ent_coef,train/learning_rate
-2.4472029209136963,0.0,1,605.2708740234375,1.0,0.0003
-2.6198103427886963,-0.0019956915639340878,2,604.63037109375,0.9997000694274902,0.0003
-2.4732985496520996,-0.003897912334650755,3,723.8137817382812,0.9994000196456909,0.0003
-2.6639821529388428,-0.006012029480189085,4,663.7393798828125,0.9991002678871155,0.0003
-2.5029561519622803,-0.007816857658326626,5,881.7831420898438,0.9988003373146057,0.0003
-2.5935752391815186,-0.009892722591757774,6,444.9885559082031,0.9985007047653198,0.0003
-2.688328742980957,-0.01202829647809267,7,583.9615478515625,0.9982011318206787,0.0003
-2.614759683609009,-0.013863612897694111,8,603.2293701171875,0.9979013800621033,0.0003
-2.589604139328003,-0.0157722607254982,9,741.7727661132812,0.9976018071174622,0.0003
-2.6550910472869873,-0.017900124192237854,10,741.57861328125,0.9973023533821106,0.0003
